,Contrast,Homogeneity,Energy,Correlation,Hue_Mean,Saturation_Mean,Value_Mean,Label
0,84.43693974103586,0.40046415219433834,0.10881976954390894,0.9835769709427012,30.597691052829717,185.9823064374451,132.87852930104154,1
1,154.30317791334662,0.34123039602932603,0.08239403843804871,0.9718526075544126,33.20292008527683,195.1288196911945,111.08876542412301,1
2,159.52634773406376,0.30653055398020174,0.059586981728336985,0.9740894981572302,30.05635019347706,180.34456191265892,131.70574212271973,1
3,93.3598418824701,0.3851401453441532,0.1102871241630931,0.9850921316259209,31.9220446720226,196.35477178423236,134.9081839851682,1
4,190.04587898406373,0.3377467981523687,0.09872587980848195,0.9637001908071225,33.21507696734283,200.1127895266868,108.26089771255934,1
5,38.45261142928287,0.35378582372288686,0.06356853965041181,0.995609123747293,32.80214851111949,220.66253298153035,105.44225405201658,1
6,24.351546937250998,0.4016819765617756,0.11500268362632496,0.9953869172796775,32.13995190296947,206.57705980761187,129.33887494772063,1
7,92.67238857071712,0.32050016039216456,0.08653348738661971,0.981274954366066,28.457011795543906,195.8048492791612,142.29650502402797,1
8,37.555605702191244,0.3432595288156423,0.08912849738522616,0.993019185490056,29.825914614334916,181.04116576775618,141.31204106829554,1
9,92.38257905876496,0.2747925182978363,0.08865264271613066,0.9854968498696478,30.434998610339075,187.64066842690383,130.8283073929961,1
10,72.28710159362548,0.31044707945424627,0.0837579792165471,0.9906873710440322,34.07773203592814,197.43394461077844,118.35351796407186,1
11,21.738608067729086,0.4549448221221427,0.10274851307686032,0.9959196367046549,30.63457041789076,183.45470351939565,127.07746267761856,1
12,146.90500498007967,0.3553586897418503,0.08258164126335893,0.9802791069303322,34.01268338054369,172.51959582294,120.59003086289266,1
13,32.38729457171315,0.40083230839339995,0.08447542588775021,0.9943282230617068,32.29616041813247,186.80872449492412,127.75123127952558,1
14,146.2777795069721,0.2939156823492647,0.08045994289710992,0.9754627064197801,31.676528099652376,177.93536355735804,134.79218568945538,1
15,179.0213676543825,0.8178181035151862,0.7840665292077266,0.9680202868036969,50.46507961532398,152.1724735929371,107.06526880025224,1
16,54.27676792828685,0.4324273150711998,0.10783872142271544,0.9849048597257207,29.952762430939227,177.79180478821362,132.1536832412523,1
17,53.63780814243028,0.4347218489860143,0.12986436687582018,0.9894981270825409,31.405490396056432,182.68689444161143,124.4095699473058,1
18,38.50361055776893,0.3256714449103302,0.06516810787935762,0.9943617717173477,32.36650191177842,200.81780596226182,125.65556902608101,1
19,31.76086279880478,0.3574021240839426,0.09829936026854053,0.9940760061659214,31.062529026810218,209.52438252058263,137.8088241503061,1
20,53.64667890936254,0.39430289632564963,0.1142668560324937,0.9919070132001803,32.93004527424977,194.31199166633277,130.57001482431187,1
21,623.6726064492032,0.5340791699081415,0.4327908672058039,0.9231672499874005,43.526889040163375,141.63930759505982,142.75469221044443,1
22,27.503952938247007,0.42265792587671547,0.09462708616577219,0.9952207740839596,31.135320790471035,196.19727937195452,138.86731862479698,1
23,24.391340886454188,0.4067713230999158,0.07731241016068142,0.9964911419952944,34.04070871124235,183.1879772199958,117.50284750052731,1
24,145.31432084163347,0.3912426023981271,0.08396543059123006,0.9703359094722399,31.65492119089317,186.8383187390543,141.33919439579685,1
25,25.517741533864537,0.3961385577143793,0.08302740012292334,0.9963990529638294,33.635923476617855,188.11717642890883,124.06911313179027,1
26,40.26142305776893,0.33144043787415933,0.07304039972810826,0.9939517410099842,34.31378986866792,185.47232645403378,124.58029165955995,1
27,53.48790774402391,0.3159228354456769,0.07556697867523825,0.9908384653930965,32.704397435250165,195.95971121320744,120.32119957590751,1
28,64.45875871513944,0.38089726702422344,0.10566027210994598,0.9904731530563715,33.66950710108605,178.6854358117516,112.81966026176552,1
29,54.648079556772906,0.3818903900022298,0.08073802094059904,0.9914982459432844,31.406239441378535,208.0264106318279,119.07123549949318,1
30,96.62998007968127,0.3557226578449853,0.08734657728809649,0.9835600906547213,32.7421245855045,197.89975130270014,122.83366887730934,1
31,108.0542673057769,0.7436765925357558,0.6968828557998388,0.9870808719189587,39.34728063814358,127.81863669325598,121.34517766497461,1
32,40.79082109063744,0.36556712390260526,0.11620634547608866,0.9930230012435954,31.40292880510983,188.3759152515968,143.09802149867582,1
33,131.50080926294822,0.3522522828404134,0.10023741380620729,0.9797872611460557,31.654184231769666,195.85980805453403,122.21454838999013,1
34,94.6527172559761,0.3882692957280578,0.13873265102294277,0.9845937153278,31.38765951169138,172.4182710039094,138.11433207936858,1
35,78.40172124003983,0.34778829268033074,0.08585533001339274,0.9898051576700466,32.60043894157108,193.61716841277072,111.32614186922854,1
36,64.59835657370517,0.38595137608871044,0.08399156811956138,0.9897101847578109,31.14608614481931,206.4297239631951,115.25903453793839,1
37,66.41621015936255,0.31087803849521906,0.08585492801784272,0.9898413481178163,32.82289875594215,180.7193284110448,122.24582785475877,1
38,36.22144235557769,0.34036456278925536,0.07701311218295231,0.9927764962220529,30.05482834300047,179.96829440351152,139.69767988712965,1
39,75.15201693227093,0.3812679635760228,0.10319192804721407,0.9858602487374215,30.837682735290564,187.25329225564818,130.33176271595988,1
40,477.94906312251,0.20217961072373247,0.033356426346090685,0.8724491346775463,37.38758103036506,171.36301603548276,75.36267485499829,1
41,588.7351842629482,0.271453685041553,0.04536253161056595,0.8324084004827151,35.069156991418474,157.03937405350834,69.73094396769308,1
42,749.1111958416335,0.3117517193441322,0.05877033708334014,0.8383189118398967,38.61008403361345,158.24453781512605,88.66274509803921,1
43,603.7495331175298,0.24362546065142418,0.031870526559828485,0.8739304984636156,41.53458737864078,132.9617718446602,78.09304207119742,1
44,541.6339641434263,0.37859987032108966,0.07169086959665924,0.8887950176726825,42.70780520346898,147.6606626639982,76.3302201467645,1
45,650.4503392679283,0.24241861025691397,0.028970890156536738,0.8744437830431676,48.28675681476712,122.4801459540674,78.38699291693496,1
46,840.4892305776891,0.3929324180283118,0.06882144463828262,0.7554926598437006,41.894133215703576,132.37626819585356,71.00397000441112,1
47,606.1460097111553,0.3605714907289511,0.05809558569544795,0.7922053401474368,37.25834084761046,154.87691614066728,82.66816952209197,1
48,706.2685041085656,0.29827999403710903,0.048317090149851735,0.8007593106468962,43.744387427838355,158.1170622193714,73.55291853752405,1
49,661.1456828934264,0.21876707615340032,0.032900091256313,0.7170045764056284,40.450331125827816,178.38169777242624,64.11619506321493,1
50,721.4329712400399,0.6318334649270817,0.16606448145100433,0.8162091381935811,39.43305850019631,156.04475853945817,88.76010993325481,1
51,501.6155845368526,0.2361052102480547,0.03006556560599076,0.8222191362320584,40.42411101474415,163.47571552471814,65.76756287944492,1
52,565.9421532619522,0.38665367869405387,0.057980184274847,0.8008107843381378,34.871244635193136,115.43991416309012,84.5912017167382,1
53,470.66960283864535,0.2841682256856906,0.04386600508522553,0.8625327628896069,39.593023255813954,154.44883720930233,50.61937984496124,1
54,512.972796314741,0.3542766831312929,0.060002946220661976,0.8179813103527647,43.011487650775415,114.54279149913843,76.17288914417001,1
55,444.1423680278885,0.24799899923876445,0.03685616962275137,0.8506350800159934,42.40811153358682,153.39860583016477,73.42585551330798,1
56,412.4038066484063,0.215817279972918,0.02404057132097871,0.8984565277470287,38.77933520224269,161.4965959150981,63.501401682018425,1
57,522.7082607071712,0.20815446460599507,0.04277187493255822,0.8825784043900955,42.114558472553696,184.14518695306285,83.94132856006364,1
58,526.9135333665338,0.18693115757196052,0.03250971474952352,0.7797901115988891,35.214285714285715,189.24126984126985,54.65714285714286,1
59,455.4622136454184,0.11821664481322298,0.02021013363655999,0.8274375732666546,39.842664092664094,119.5926640926641,58.72779922779923,1
60,320.7337836155379,0.13705011977170928,0.02271519300471305,0.8707817524093514,35.73551637279597,148.5390428211587,51.27455919395466,1
61,475.5813464890438,0.26863389965356504,0.03128170619220774,0.8876287900063928,41.991789819376024,163.1206896551724,66.46113847837985,1
62,532.0372416583666,0.1842727232526319,0.03188223329539002,0.9091431503399788,47.17959427207637,119.20674224343675,48.24075178997613,1
63,413.96991720617535,0.17250368217784792,0.023565460697912943,0.8891268299859182,39.74355300859599,160.51337153772684,56.98089780324737,1
64,494.6237861055776,0.15354573634558233,0.02822057692532169,0.8677116338630326,46.24960085151677,162.05854177754125,53.931878658861095,1
65,554.0462058017929,0.16557924831742324,0.02725469713635684,0.825498603696433,39.31895352073476,178.76843863067074,67.43723907598107,1
66,556.0766309760957,0.27326866930578897,0.044572113897263455,0.8888257814143419,47.02644103648863,143.0988894764675,68.3572184029614,1
67,649.7898250747013,0.16683149734758157,0.03455537488197761,0.8565430770080501,49.37836290784202,131.35813775996948,71.58423964892197,1
68,643.8399526892431,0.1976421159253743,0.04433199638648523,0.8406371045672256,56.68254847645429,140.15124653739613,62.840443213296396,1
69,585.0641029631474,0.3050690059283102,0.05917334664408944,0.8661413668831183,36.27423603793467,145.98603793466808,68.05716543730243,1
70,305.0493183515936,0.1864298807772654,0.03282348686088531,0.8817651024187853,44.83464203233256,166.8092378752887,53.18290993071594,1
71,304.7567231075697,0.18654756878062964,0.031243227377687945,0.8717157885608185,42.448872574724696,180.70844257996853,48.807026743576294,1
72,496.0852060507968,0.16756932937875094,0.029169713022353525,0.8676872464348819,40.35702951443986,141.8841637575373,63.82957791177404,1
73,378.37398842131466,0.24563133141906218,0.03161672718219016,0.9085929537241121,41.24485294117647,169.35404411764705,56.80514705882353,1
74,508.2204774651395,0.17018490597594385,0.02881168841281599,0.8742748703927001,39.541056218057925,159.375468483816,64.62419080068143,1
75,413.9818849601594,0.1960690538288017,0.025145896675406204,0.8522144639254542,40.114749262536876,143.40442477876107,68.38466076696166,1
76,451.4369553037848,0.19473586273907975,0.021730758567329644,0.8927101053001186,38.35891381345927,152.16706021251477,61.206021251475796,1
77,357.26274589143424,0.21235264657511396,0.03501789366129035,0.8840348553684885,39.25,184.54793315743183,97.82255936675462,1
78,515.1988452440239,0.13620242772971944,0.024993416353796052,0.8410461088770906,39.300213675213676,139.28846153846155,54.29433760683761,1
79,583.2798960408365,0.26479983337551816,0.0408172249832093,0.8634242251024303,42.24376731301939,141.65817174515234,57.097783933518,1
80,705.9682831175301,0.12134853912129893,0.024065301820174453,0.739467192549514,38.24534284581847,195.58224336107807,64.32342449464923,1
81,493.933951693227,0.32278243288289343,0.04317582434351373,0.906348220148847,40.821832884097034,157.76630727762804,52.74797843665768,1
82,525.8934574203187,0.1375900071996942,0.020681734091958306,0.8413818942311722,40.40651744568795,155.80250164581963,55.13034891375905,1
83,286.1581175298805,0.22477346578207627,0.024029141488043332,0.9215469230924398,43.15423683507084,170.66880513231757,67.03448275862068,1
84,320.24970430776887,0.15956230346475686,0.023124867790826693,0.854393796302122,36.27595155709343,186.4749134948097,65.00951557093425,1
85,524.9507283366535,0.2509535477596255,0.04016695320061171,0.8736184704446301,43.14540631782011,154.38027489751627,62.94815529298288,1
86,484.5687562250997,0.12281529082414669,0.02516217629812882,0.8603874470713696,38.445851804939835,171.82457251424952,58.08486383787207,1
87,446.3251680776892,0.13355156169505045,0.0286012504354496,0.80082381702413,38.94948665297741,165.59753593429159,55.17371663244353,1
88,396.52648779880485,0.1932421664047924,0.032903355988798365,0.86959793670662,39.62826797385621,135.5392156862745,54.376633986928105,1
89,464.378890687251,0.29175749578270593,0.037640655240611394,0.846769894992377,40.09641158668396,187.33030696065717,59.72200605274535,1
90,333.1570281374502,0.17199736429682835,0.0248629661762845,0.8721114094880459,43.49305555555556,149.27951388888889,52.364583333333336,1
91,430.46896787848607,0.17475129492346667,0.024203347160915982,0.8878332670828374,42.729719484457924,141.2907505686126,60.28013646702047,1
92,531.4425112051792,0.21788296850891678,0.04648204693806342,0.8129936713863566,42.14264264264264,164.65765765765767,47.92192192192192,1
93,283.4031063247012,0.16722204068345103,0.02552484177507831,0.8277520815700797,44.94746835443038,158.16582278481013,45.82848101265823,1
94,510.069892305777,0.12213718014525063,0.023813281792231463,0.8038036122612118,39.543844856661046,166.3220910623946,51.22596964586847,1
95,474.3846800298806,0.2194706507163722,0.031596468310124894,0.8067718782758156,37.55100368701352,159.97951659156084,69.82056534207292,1
96,622.8148344123506,0.16901295535941166,0.03559852034267819,0.8839844390772639,45.1268115942029,131.8677536231884,64.59873188405797,1
97,267.9497011952192,0.2102820889390202,0.031859763890985646,0.8931426688520947,41.018115942028984,182.73993558776166,51.750402576489535,1
98,669.0212120268926,0.1370708434895729,0.02458176725139891,0.8117990214647023,41.267193155643305,230.4468575189207,87.10365251727542,1
99,231.3608845866534,0.23211477961460503,0.0411854119803076,0.859431082759386,36.51743119266055,109.18440366972477,70.90733944954128,1
100,1447.231106822709,0.4593838911975678,0.12452265667493567,0.6936970511503814,34.54588910133843,231.3413001912046,98.66013384321224,1
101,546.7279164591635,0.15855065160782036,0.02989035515330344,0.8536929532679868,45.10407597942224,146.12504946576968,54.88761377127028,1
102,495.35918824701196,0.20844060578201215,0.055619062641376865,0.7410622435424008,44.49363425925926,126.62326388888889,95.19849537037037,1
103,416.93471426792826,0.1266908903133764,0.023904982783466085,0.8112854807440049,43.2,150.05205479452056,65.60958904109589,1
104,422.71213583167344,0.16349172753832075,0.02266140934364581,0.8507211400744107,35.38220277169949,145.05324580598105,57.901531728665205,1
105,786.5059605328688,0.16594507924708898,0.034818552989075345,0.7081701523618673,40.93329938900204,224.76883910386965,62.15224032586558,1
106,571.7315114541832,0.20078478627330706,0.03326651815477063,0.6974381563145882,36.11269035532995,192.77055837563452,71.94822335025381,1
107,711.4004450946214,0.13916035529845036,0.029109933769057413,0.7907917167829732,37.85767326732673,200.44616336633663,52.30074257425743,1
108,453.86970866533864,0.13227634605339908,0.025754318371175693,0.8227425375647669,38.73916133617626,156.7818052594172,55.34470504619758,1
109,339.7038720119523,0.1618371615936596,0.028304424321882318,0.8818992669809317,31.78857919782461,189.7477906186268,57.32698844323589,1
110,815.8794509462152,0.11573846779233032,0.024537443896698385,0.7197887151134854,38.8671875,188.9169921875,65.67041015625,1
111,458.36345244023903,0.1378458839193696,0.025949737148528336,0.8954989771671082,41.36852540272615,205.60223048327137,62.40173482032218,1
112,770.1129544322712,0.21077093076410983,0.03945907158955303,0.8101167340453183,31.622448979591837,171.18367346938774,83.39041703637977,1
113,897.0646009711155,0.3969584258657156,0.04734561569441896,0.7732502608131582,30.38218714768884,229.59639233370913,64.86527621195039,1
114,599.6360806772909,0.1431278728157678,0.026957405966077683,0.7501561289528417,37.3050505050505,199.81616161616162,66.40555555555555,1
115,503.9481449203189,0.16745214763605515,0.02482367988394879,0.8784498573133813,42.79068764820004,154.66091830135804,78.04181935762017,1
116,485.2156063247013,0.16106577853282705,0.029911808038346952,0.6858472721089365,37.97626339969372,198.82542113323123,53.69678407350689,1
117,511.6001774153386,0.1508197697272776,0.02469666315284059,0.8302494226248691,41.54190340909091,195.94069602272728,55.61931818181818,1
118,979.2561317231076,0.17418139475230152,0.0352695569815346,0.8188210355044906,44.619557458957885,230.03104925053532,58.27658815132049,1
119,755.7188433764941,0.3807228682692418,0.08179068441090565,0.7859718559124568,37.20319001386962,145.2122052704577,66.35575589459084,1
120,113.83883217131473,0.377254204630317,0.12184048266125481,0.9837866013468107,32.0947838746925,167.42527235302978,117.43802399718861,2
121,111.58760271414343,0.4163992622350423,0.14959734351708587,0.9788170153357388,33.259123626720545,168.07627225659806,131.67533779517615,2
122,114.49754108565739,0.34574683074774404,0.0911976354659986,0.9808232681745127,32.078821005312626,145.73206988148755,126.99019207192481,2
123,172.24819472111554,0.3337949269973353,0.096155789465718,0.9776094909837715,31.878885879451833,169.23701338076566,115.94134292759833,2
124,93.76827066733067,0.3618586368207817,0.13053010686873273,0.9891726182811825,46.66611766858816,139.15676182633362,174.5664745173392,2
125,117.68021663346613,0.5507311791312303,0.36917804116650627,0.9879530270270555,40.42756585537537,176.7932425481225,138.40666540325418,2
126,92.23877925796813,0.3426322607936234,0.11241239265868112,0.9804877363875331,29.601272390921807,134.43762126065965,139.38546225691468,2
127,112.19668202191235,0.14012308261054174,0.02758882132278918,0.9111568624865471,32.05201505326949,152.8284598667821,175.27488118164632,2
128,56.20240911354581,0.35854280879254136,0.10406453882899383,0.9904103399690939,29.713336497389655,141.33964167062175,127.12446606549597,2
129,163.34999066235062,0.323343680005864,0.08883492978825841,0.9799513012617844,33.72186638388123,168.09620360551432,109.55045599151644,2
130,228.4906312250996,0.3357920591807204,0.23058436444810004,0.9803452112613247,40.031895808578554,219.60550779338786,122.11565434169754,2
131,45.18560134462152,0.4884465825762061,0.15904826523323898,0.9894686624085706,32.13568067992108,147.44650174533314,142.60593413264533,2
132,87.34407681772907,0.4545999974301528,0.1565502458044757,0.9841662937714056,29.89476266405004,158.45320740831596,133.91837360480804,2
133,83.26101842629481,0.5875925634957894,0.4446210941851509,0.9909516006783682,38.65483439774246,194.9288949948017,156.4643175404723,2
134,86.81598605577689,0.47072405613203033,0.1830063958073908,0.9830008251744803,29.453135100193922,139.41298570710336,132.15097320979675,2
135,255.31057021912358,0.2840442061535303,0.1427685544461262,0.9634866839663578,39.01112562773037,183.96286694157516,125.41736414485771,2
136,111.52371762948206,0.37649516197536903,0.09903968336753456,0.9799580370134506,29.921144637835372,151.46002128144713,143.5089306072813,2
137,60.0750124501992,0.1808984144887725,0.027828645286788856,0.9904851125877266,42.38331615016072,195.0525805082176,113.8156043422888,2
138,70.0652701693227,0.38445349513003535,0.07420361483368176,0.9859569190101384,32.44767480987954,160.82360858738812,127.71209368059762,2
139,96.94967006972112,0.39265446741217014,0.1250001148023475,0.9882519939304085,47.31967951927892,138.53397596394592,164.4054331497246,2
140,230.1466944721116,0.26063941276731833,0.09095264771017221,0.9839681419994141,43.27814745807825,217.73933989885546,99.94716529145595,2
141,38.86522659362549,0.43902232625442067,0.13711548594682105,0.9922633384481427,33.55254732739421,144.76343262806236,119.45684855233853,2
142,40.98736304780877,0.4582427986120545,0.15159245108171535,0.9888149309933387,28.801666179479685,150.331408944753,141.58886290558317,2
143,180.08447460159363,0.3226904080268553,0.08924370520089916,0.9633424256219497,30.75706439017934,143.31473760836477,135.04473562305606,2
144,122.20332731573707,0.37679904203433356,0.08955438109574923,0.9660564550366701,30.399594320486816,156.43782961460445,127.56267748478702,2
145,83.73616471613546,0.45802481322579947,0.1648090934915298,0.9852038359677305,29.87331004957188,157.06004957187923,135.20544164037855,2
146,96.84241160358566,0.3670754729251682,0.09076744448530003,0.9833463631587084,30.335955622793747,155.0449319213313,130.64967221381744,2
147,51.54555216633466,0.47755530419983017,0.15827789422092714,0.9893231585508302,32.1227100540272,145.02204558156865,145.1898404024095,2
148,72.77687686752988,0.4412304366897356,0.151711972985059,0.9862791346593289,29.78467642209398,152.87335119538335,137.32125927452597,2
149,204.31746451693226,0.23276211652734058,0.09118527272285344,0.9426419823920755,34.29285687332553,143.88581562959888,155.89923021772762,2
150,959.7233254482071,0.16614146510683656,0.05811481608776478,0.8934566342500885,41.61545392557958,143.48378141437755,109.09558250535748,2
151,76.48071775398407,0.5871976380355425,0.44403757611288225,0.9916367512466443,38.58928109406764,193.95431528368138,156.6849750508224,2
152,62.96532619521913,0.7995099657571121,0.7525414096106124,0.9809981979825746,40.79130582441841,127.17914756325352,192.00246221769402,2
153,44.25295692231076,0.4357180589151082,0.1302365681877595,0.9925221558380728,33.36650583031765,144.06830518697225,124.15721753116205,2
154,550.3194876743028,0.39776271399228613,0.24206093433903117,0.9539752023125401,34.12442440753152,159.24414764097494,94.94175365847778,2
155,53.76399091135459,0.3702626206726969,0.08688686810833816,0.9909665902770622,32.54753386148735,152.8076071215606,132.99761478831246,2
156,177.60551543824707,0.3389742009009692,0.22419909437614668,0.9839928543021217,41.151169666721856,214.73614494879013,125.26690635570168,2
157,101.79822895916335,0.41086546785632627,0.13222099326690037,0.9846468893415392,33.633857779980175,166.89816650148663,111.27836967294351,2
158,339.5684760956175,0.21614119236251228,0.08991431874838936,0.9201030448909335,29.303748365216236,150.88961053354907,161.89849932391994,2
159,70.0652701693227,0.38445349513003535,0.07420361483368176,0.9859569190101384,32.44767480987954,160.82360858738812,127.71209368059762,2
160,44.25295692231076,0.4357180589151082,0.1302365681877595,0.9925221558380728,33.36650583031765,144.06830518697225,124.15721753116205,2
161,72.77687686752988,0.4412304366897356,0.151711972985059,0.9862791346593289,29.78467642209398,152.87335119538335,137.32125927452597,2
162,40.98736304780877,0.4582427986120545,0.15159245108171535,0.9888149309933387,28.801666179479685,150.331408944753,141.58886290558317,2
163,180.08447460159363,0.3226904080268553,0.08924370520089916,0.9633424256219497,30.75706439017934,143.31473760836477,135.04473562305606,2
164,38.86522659362549,0.43902232625442067,0.13711548594682105,0.9922633384481427,33.55254732739421,144.76343262806236,119.45684855233853,2
165,339.5684760956175,0.21614119236251228,0.08991431874838936,0.9201030448909335,29.303748365216236,150.88961053354907,161.89849932391994,2
166,96.84241160358566,0.3670754729251682,0.09076744448530003,0.9833463631587084,30.335955622793747,155.0449319213313,130.64967221381744,2
167,83.73616471613546,0.45802481322579947,0.1648090934915298,0.9852038359677305,29.87331004957188,157.06004957187923,135.20544164037855,2
168,114.49754108565739,0.34574683074774404,0.0911976354659986,0.9808232681745127,32.078821005312626,145.73206988148755,126.99019207192481,2
169,111.58760271414343,0.4163992622350423,0.14959734351708587,0.9788170153357388,33.259123626720545,168.07627225659806,131.67533779517615,2
170,113.83883217131473,0.377254204630317,0.12184048266125481,0.9837866013468107,32.0947838746925,167.42527235302978,117.43802399718861,2
171,550.3194876743028,0.39776271399228613,0.24206093433903117,0.9539752023125401,34.12442440753152,159.24414764097494,94.94175365847778,2
172,112.19668202191235,0.14012308261054174,0.02758882132278918,0.9111568624865471,32.05201505326949,152.8284598667821,175.27488118164632,2
173,111.58760271414343,0.4163992622350423,0.14959734351708587,0.9788170153357388,33.259123626720545,168.07627225659806,131.67533779517615,2
174,104.73312998007968,0.42299567522096293,0.14122490692820314,0.983208006942048,29.798094200925675,179.57522461203376,129.46648516199292,2
175,255.31057021912358,0.2840442061535303,0.1427685544461262,0.9634866839663578,39.01112562773037,183.96286694157516,125.41736414485771,2
176,117.68021663346613,0.5507311791312303,0.36917804116650627,0.9879530270270555,40.42756585537537,176.7932425481225,138.40666540325418,2
177,76.48071775398407,0.5871976380355425,0.44403757611288225,0.9916367512466443,38.58928109406764,193.95431528368138,156.6849750508224,2
178,488.89344185756966,0.32260135394014255,0.198659558114547,0.9119152962149495,29.226180748488314,152.9134390150896,165.96328376096312,2
179,478.8500996015936,0.2910596692387513,0.16123988233784503,0.9450337156861707,39.242082616179005,190.00176419965575,120.5032917383821,2
180,492.48915276394416,0.416448824556299,0.253900765538352,0.9639539968002959,34.02889576883385,158.82122100917928,99.00985823692358,2
181,1620.4595524153385,0.10534259699911966,0.024225104772166384,0.7965594351182959,41.560354146291246,155.9274206001956,107.43794718690482,2
182,76.73879482071715,0.5519799165623336,0.4137625725804486,0.9918330369612712,38.5032207325294,196.50853868624074,155.19650213467156,2
183,128.81586155378486,0.3328354605836472,0.05998163096453736,0.9805346154883577,32.47537706705433,186.02592525289236,123.77515294687745,2
184,76.73879482071715,0.5519799165623336,0.4137625725804486,0.9918330369612712,38.5032207325294,196.50853868624074,155.19650213467156,2
185,133.13975348605578,0.48937897741891084,0.17511511881146544,0.9760127569305806,32.16325520994373,156.18044647826355,145.7127574052316,2
186,408.16910483067727,0.38802395957973296,0.15729380590562922,0.9498112547065963,31.945912305516266,182.73256011315416,122.36362093352193,2
187,164.72631349601596,0.38504907651629516,0.10963278584799663,0.9806732055446378,33.55318752330061,205.81614266186156,103.119485522555,2
188,91.6140438247012,0.4340406798229031,0.1657195741537514,0.9872857925032554,29.614604105571846,213.5024633431085,118.1949560117302,2
189,1188.0008870766933,0.2422779099525461,0.14766881832292378,0.9023800163759677,42.05193307883477,143.79854474648357,110.92390663831314,2
190,347.08610869023903,0.4372561011787337,0.1407393012591166,0.9432808819314517,32.20216833095578,173.38847360912982,133.48262482168332,2
191,118.4131598605578,0.3868866913736406,0.11836223100101757,0.9866359743128638,33.389435548796854,196.6019769210126,111.00957151802487,2
192,92.90836653386455,0.4599454621238425,0.1442529539858224,0.983207538799602,32.128220652539525,171.77201479986545,133.14389505549948,2
193,260.15794633964146,0.44683090949215315,0.2939190034925348,0.9817674684523148,33.901275987240126,160.32265427345726,94.30871191288087,2
194,173.39744148406373,0.43527771735343795,0.16288971324877152,0.9746748810767791,29.420615179275618,147.27003579445488,138.65655523873082,2
195,142.24240537848607,0.48808457836272456,0.16688740833695423,0.9682992811460726,32.086755301245375,163.66156176371592,136.29602827330865,2
196,498.37633839641444,0.49556972184066844,0.3788327755723418,0.9642140859605723,34.02227000913188,159.54255162459128,97.0121365658232,2
197,169.88587836155378,0.3923263420842973,0.13479394323562074,0.9773577320754692,29.673485405935736,205.16311012999753,120.36683836154035,2
198,67.23267866035856,0.4047629536059558,0.12103834716022223,0.9929091310547897,33.42088105726872,188.2564757709251,121.38361233480177,2
199,70.49942417828686,0.42804218772375147,0.11611815435219085,0.9918602875955217,33.33985630001752,219.61387931538056,101.01022255972896,2
200,253.11328125000006,0.34670399304361943,0.09791148717251476,0.9643153466185148,29.986799493100534,169.8071317938609,145.27488735567445,2
201,443.6784891683267,0.7077724847324529,0.6778280869696316,0.8672675898772869,40.74543186321274,127.79283774858736,199.49541351728186,2
202,114.09994397410358,0.3915796795753348,0.1213698545320497,0.98642460409761,33.577881521670555,204.98391268689673,103.36123903854646,2
203,136.0926450448207,0.39980991325308735,0.11087328424521706,0.9769368596209415,29.985967437258253,166.8300800575695,137.1962309975713,2
204,219.73225846613548,0.30392952001247475,0.07827204120831056,0.9601623729973497,30.64760756441173,140.65661886026146,142.06295215128824,2
205,183.4201164093626,0.4226149935139277,0.1631214041305636,0.9740271851800639,29.75314014984575,183.11007051564565,129.47565006610841,2
206,71.66277079183267,0.6186943758751278,0.49860104375696684,0.9915918669101674,38.84286086051353,195.82512144344204,157.90067661346288,2
207,171.40052290836658,0.30666531056328605,0.1223800326558709,0.9716960263087367,39.22000867029242,186.62971939780877,126.09342240088279,2
208,109.33872323207174,0.5636699610891333,0.4418989873194815,0.9884621226251761,38.71845496924825,201.06616523680808,154.79974145022916,2
209,76.53388010458168,0.3568823504702958,0.10139989399146311,0.9904340608939203,47.285687955027186,138.71207722790527,166.95018892267993,2
210,74.2523344123506,0.5152465293780326,0.36916246539713,0.9918843875240603,38.29459962756052,195.0322329439648,158.7532419163704,2
211,142.74193849601593,0.49291590078391506,0.29865602638177174,0.9847996005257541,40.361225225225226,183.27375375375377,135.91762162162163,2
212,146.38653199701193,0.1221705892077258,0.023869013361720877,0.9277329188038107,31.591461424759565,167.14489470754228,170.18227017065632,2
213,126.68693974103589,0.40616864672299374,0.149510628651253,0.982925512425238,29.274493243243242,180.7897609147609,120.55671777546777,2
214,86.79486740537851,0.6054609196234829,0.5074553200663003,0.9892154218037632,38.32599851262085,192.73257797803927,165.83752570103678,2
215,227.3975815488048,0.3088428873550543,0.08273167909618892,0.9609263836591735,30.695252403846155,142.15138221153848,143.64453125,2
216,338.7190768177291,0.21440970049285968,0.11007636114354725,0.9322632795890895,29.159389881654015,175.2507661841671,157.5603281625725,2
217,333.81380727091636,0.1365526570972021,0.04472725264339311,0.8704984787774198,29.32092483312373,165.1448582760956,164.99810389861662,2
218,338.7190768177291,0.21440970049285968,0.11007636114354725,0.9322632795890895,29.159389881654015,175.2507661841671,157.5603281625725,2
219,358.7055683515936,0.38942459947117813,0.1510564383334688,0.948625320263271,33.21699158174568,183.37095702259637,134.75193841382367,2
220,333.81380727091636,0.1365526570972021,0.04472725264339311,0.8704984787774198,29.32092483312373,165.1448582760956,164.99810389861662,2
221,164.12084474601593,0.5016206517601319,0.3771946726761248,0.9825718710852211,38.93994778067885,199.47832898172325,155.6968494342907,2
222,145.2972329432271,0.577668908266001,0.4857816333529917,0.9824235915808833,38.86988636363636,192.89525162337662,162.36367694805196,2
223,1626.8130602589647,0.10278287293032543,0.018140278301100283,0.7556428358156742,41.775187871373646,145.6463212163579,115.3120193988116,2
224,391.9457015687252,0.21837538719612243,0.1015376045391955,0.9065445855896517,29.17908737558696,153.53901458132063,168.7703835179402,2
225,594.9583073954184,0.14260544665821775,0.023024530956536386,0.9189574921709269,41.42258568851473,150.15218280216476,111.43980757666867,2
226,283.1877801294822,0.40381739375245024,0.15587495498846235,0.9692717968203134,47.24726224783862,138.79665157129133,169.9378070536572,2
227,115.74788346613548,0.5052025390617086,0.17265685695484156,0.9764816137017176,32.15661509314809,159.4267445532049,142.57341332491316,2
228,332.21843874501997,0.4441920907890417,0.18721003940192113,0.9459388534360063,29.369582296713368,147.8127536990965,133.14383920387587,2
229,150.79755976095615,0.35311188040510877,0.0948809939954197,0.9849023622215559,33.53264449201383,208.53301498435698,104.4701547834678,2
230,286.79080552788844,0.3125441926905559,0.14049445110859077,0.9508816035980842,29.247454496853052,167.46071784403782,155.72795314816165,2
231,283.1877801294822,0.40381739375245024,0.15587495498846235,0.9692717968203134,47.24726224783862,138.79665157129133,169.9378070536572,2
232,115.74788346613548,0.5052025390617086,0.17265685695484156,0.9764816137017176,32.15661509314809,159.4267445532049,142.57341332491316,2
233,594.9583073954184,0.14260544665821775,0.023024530956536386,0.9189574921709269,41.42258568851473,150.15218280216476,111.43980757666867,2
234,332.21843874501997,0.4441920907890417,0.18721003940192113,0.9459388534360063,29.369582296713368,147.8127536990965,133.14383920387587,2
235,286.79080552788844,0.3125441926905559,0.14049445110859077,0.9508816035980842,29.247454496853052,167.46071784403782,155.72795314816165,2
236,391.9457015687252,0.21837538719612243,0.1015376045391955,0.9065445855896517,29.17908737558696,153.53901458132063,168.7703835179402,2
237,212.14541832669323,0.408295525175337,0.09716286238577623,0.9662801736557762,32.67302866199974,166.1154404966319,135.6656320169066,2
238,286.79080552788844,0.3125441926905559,0.14049445110859077,0.9508816035980842,29.247454496853052,167.46071784403782,155.72795314816165,2
239,145.2972329432271,0.577668908266001,0.4857816333529917,0.9824235915808833,38.86988636363636,192.89525162337662,162.36367694805196,2
240,359.13175423306774,0.45188997292163713,0.34603297318050397,0.9759480907409182,33.24468557649597,199.89831207563932,128.9252173361254,3
241,814.3015438247012,0.5299982918452782,0.4790989395561676,0.9024378123113961,35.83192459003622,189.05016943870993,173.17933237253146,3
242,875.2690176792828,0.4161491656437996,0.36375249288348893,0.9235668878202733,32.620897587979435,198.9040463951496,140.9009489916963,3
243,490.4816826444224,0.19720725243450118,0.10836578095762125,0.898299262246402,32.236517793169334,153.32744208263674,193.25505134941486,3
244,620.4541521414343,0.231544799458202,0.15345902067807374,0.9044522265922386,34.92874679165272,142.72274299743333,163.3984209351635,3
245,308.1987985557769,0.4103040484030935,0.2521736835042613,0.9661090216424956,32.22289410032601,199.24326953412557,133.69095067830477,3
246,62.05450074701196,0.3331224032752994,0.08562382020067491,0.9871536944181682,32.35566502463054,188.96296462158531,142.22901925660545,3
247,750.4603772410359,0.2690647734217742,0.1718516451301988,0.8004209375628485,38.047239747634066,206.82825315457413,202.85104495268138,3
248,279.11121140438246,0.677334479312053,0.6464976357756316,0.941448498958536,39.194908716893806,162.126716379532,188.71874517870918,3
249,82.64109188247014,0.20852680970744386,0.0293751741751004,0.9681662397714862,28.248778335267296,205.33628058247666,169.7370029581447,3
250,30.75320592629482,0.3782166126392587,0.09618408928518289,0.9932176347345905,30.312444238249885,142.59555333499875,146.7538988615681,3
251,581.9342318227093,0.44490828613296773,0.33247320491408344,0.8881578572149772,30.15240606020156,192.54955616365214,185.3856036841754,3
252,691.3441546314742,0.4697991165967631,0.4015550267493898,0.8497424232790838,38.31471840984383,201.05400740513906,209.22502157512318,3
253,340.2907744023905,0.6568654362751356,0.6233058231537687,0.928143766378218,34.185580409056705,121.04035843764963,185.36178945208292,3
254,51.21387885956175,0.44731579423616735,0.1321227048843825,0.9901942784127431,33.14082803118559,167.2856438748992,140.74845416255937,3
255,86.93317355577689,0.4066816374783907,0.1527366332477456,0.9860836511495924,36.402774242809876,135.97187579536777,115.17078136930516,3
256,93.40203249501992,0.3685376192985813,0.08572493678516427,0.9802387503388889,32.879567938623055,172.32051282051282,138.0314455885322,3
257,255.5033148655379,0.3477596954475072,0.17625150127493786,0.9579463406876306,27.955637865338357,199.69900163909998,175.86116610256082,3
258,71.92467629482071,0.21830107061817358,0.025122933714636815,0.9684227243818256,28.30754358212294,205.8250802933704,162.9919466947893,3
259,304.3754824452191,0.44625041191677944,0.32322575683017213,0.9574512847402524,28.123361325905602,190.98960671821735,166.2634904797539,3
260,36.357880976095615,0.41315076395718126,0.10012267387967232,0.993526134248502,33.070261697065824,169.14310071371926,137.31712926249008,3
261,85.94833167330678,0.37196088541606037,0.08020139073522083,0.9762300961967655,29.731157790400673,166.31089169303496,162.32084175212535,3
262,28.485106449203187,0.38351407556167283,0.11214471038697087,0.9904633338929006,28.248577429826238,167.82421233530647,169.62990261600152,3
263,224.96809636454188,0.1916165434260096,0.02189232983413718,0.8588481488212756,31.41614857197654,230.1544534833544,158.30307340695873,3
264,105.30445405876493,0.35799597707427333,0.08759462136131621,0.9733608132657451,31.750503945170767,176.21793468870587,145.30645625755918,3
265,30.995222236055774,0.35046736031313575,0.09024101308787844,0.9940368317931955,32.40832901330568,187.1966822187662,144.49303611543115,3
266,36.60532868525896,0.37125861707648916,0.0994950625262425,0.9900843528277895,30.274459520872558,175.376290333052,157.3640524573135,3
267,29.20314056274901,0.41398525256704405,0.09808194424862933,0.9919296941793028,31.132255472986543,175.9193111066479,156.27118899377385,3
268,37.76100286354582,0.3714780374448194,0.08307648185245335,0.9906631613773292,30.92258039727975,182.7962884696661,153.9268451992162,3
269,248.1658833416335,0.1954940770763796,0.021579377580075488,0.8943375153520213,31.57965811965812,168.39111111111112,151.82147008547008,3
270,27.187001992031874,0.3976893944393248,0.11440415227917979,0.9952107075479752,33.18228704290848,149.20287465652083,133.64836186852673,3
271,53.78889130976095,0.3423065399970589,0.10154340545922008,0.9892967017364496,30.538840399002495,185.92559226932667,155.438216957606,3
272,425.94784922808776,0.13380501714598175,0.018002206126460907,0.8143053362346789,34.16370896184561,132.0875159137379,171.75479341074805,3
273,307.93925859063745,0.19063609855602773,0.024769893471106797,0.6465892597476178,42.667473194800266,162.05546066989277,155.7349685295885,3
274,437.11851033366537,0.20969517648293937,0.025774151278072907,0.6430766247728888,42.212902480865665,126.65959026128266,161.72809448403274,3
275,426.7246949701195,0.13450331568619706,0.02890676629591339,0.6332364114081143,40.46813237071641,177.23525856718175,136.94062591878736,3
276,308.0281218874502,0.18960006085692724,0.024552302045706513,0.6467732553897227,42.62752652854977,162.23308804951995,155.66105040424458,3
277,437.3917922061754,0.2076674939619315,0.025638175396272063,0.6428549092652073,42.24112796833773,126.664231530343,161.72673153034302,3
278,426.2632283366534,0.13330642639293303,0.017977198211984048,0.8143432644031124,34.10145261701637,131.88382906771193,171.5813350242103,3
279,174.91490288844628,0.16865722092353183,0.023082195887949027,0.8559601266710779,42.12666469369636,126.68251619479794,161.56767288152312,3
280,245.47900585159363,0.1266424182349398,0.022625812600969887,0.7178888366230814,42.63468821004797,162.01620487250693,155.5671863165867,3
281,175.48667828685262,0.16598764814294215,0.023010746706230822,0.855572386482071,42.15965405547608,126.69627912330029,161.5594139989148,3
282,245.6740849103586,0.12770491739949869,0.022583921704378073,0.717963207266176,42.58077487109135,162.23835879969093,155.55280129933615,3
283,174.0813153635458,0.16562125156969376,0.023087318477597877,0.8566243036637063,42.150639390398446,126.6975362485805,161.60369315844045,3
284,245.5441203934263,0.12451598688006478,0.022584835941526618,0.7181858810141685,42.61037649509262,162.10931927919967,155.58934263262537,3
285,391.5366502739044,0.12531862600634938,0.01801840401333431,0.8315430549201598,34.08355888281025,131.98815625299932,171.5158460504847,3
286,66.40554967629483,0.2709153131554624,0.04040471348380438,0.950167610002905,40.4014339253707,177.00870131986312,136.806077888219,3
287,424.2887045567729,0.1346987061571862,0.028953458311200313,0.6347118788512744,40.44180921911726,177.1877448419953,136.88125163227997,3
288,423.913922435259,0.13361899150208872,0.018069688653726247,0.8150414189043363,34.14488696692986,132.00380316222322,171.71126855730805,3
289,424.49596924800807,0.13467619322284521,0.01800219603606326,0.8147201942113654,34.1236612990215,131.65550119423685,171.64271130287386,3
290,437.8411821464143,0.21597045517275054,0.025822868509353402,0.6423592183584143,42.12408735118069,126.69213313161876,161.57200881404987,3
291,307.32655316235065,0.1889056561664703,0.024544882729647263,0.6471747442507845,42.57704256225064,162.24706290508254,155.55337233690253,3
292,425.20690674800795,0.1335535342838525,0.017950958061787363,0.8145764965029917,34.07807162322957,131.9958354124285,171.5048554868921,3
293,437.3380229083666,0.21131945666384752,0.025675399535318406,0.6427681026577814,42.16557737782449,126.67951918024173,161.53412375197058,3
294,424.43102589641427,0.1353470941091935,0.029000956237550307,0.6344941062557915,40.404723896400064,177.06276266492915,136.79040560351848,3
295,395.74226531374507,0.07845502487449936,0.013289644557088172,0.7373257916657533,41.303980301568764,170.9390008630756,146.88828247956542,3
296,75.7704338894422,0.1647881921490843,0.02193664839491831,0.9373709132254648,42.240310988386895,153.6883849362552,146.85635391575113,3
297,436.3191919820717,0.2102037720065887,0.025909593497920637,0.643246235021668,42.123901509551736,126.80799618916211,161.54826787562214,3
298,305.48938620517936,0.18946649416885453,0.024756865795510157,0.6483339594122092,42.61084287923254,162.0533465871438,155.5446053835716,3
299,304.2208354083665,0.18601313327865412,0.02450705572837591,0.6495471459339245,42.58900568942964,162.19221131266647,155.53568895683284,3
300,437.18591259960164,0.2089120556085446,0.025926360463837013,0.6431081928073172,42.14892009526156,126.81790260326845,161.5716514740905,3
301,424.8342255976096,0.13615910525602867,0.02916501931526823,0.6338653151579174,40.377851277372265,177.21498631386862,136.82700078206466,3
302,49.176683889442224,0.8516401665114502,0.8193639095228323,0.9838245785903834,32.67480875050329,185.7749295396591,175.21446785666353,3
303,436.980048555777,0.8096249963836619,0.7975451399219287,0.8585708570882921,32.672707746006175,185.81232380185259,175.20459122029803,3
304,60.69153075199203,0.8941387874299315,0.8721091529201461,0.9698303373882405,36.023977866584694,182.95911466338765,188.91346449431293,3
305,51.650927539840644,0.8615779852038126,0.8329523457403742,0.9823052966799455,32.64673497476679,187.08151093439363,172.89998470714175,3
306,49.176683889442224,0.8516401665114502,0.8193639095228323,0.9838245785903834,32.67480875050329,185.7749295396591,175.21446785666353,3
307,438.99433515936255,0.8366043361469528,0.8299404195754803,0.8255525921721938,39.35748792270532,161.18184070357984,189.22271770097856,3
308,436.980048555777,0.8096249963836619,0.7975451399219287,0.8585708570882921,32.672707746006175,185.81232380185259,175.20459122029803,3
309,97.30118588147411,0.8652881895414605,0.8509610988803763,0.9608644725654308,39.36949783013019,161.17929324240546,189.2085554866708,3
310,471.25672310756977,0.8632741842749432,0.8527338823005152,0.769795699104002,36.019526445264454,182.97124846248462,188.90528905289054,3
311,714.0066919820716,0.7248593664659376,0.7114744653502522,0.7907850233018132,38.06726570904259,207.34303613237992,202.98120610010758,3
312,838.5880851593627,0.6727045490786869,0.6534102281443807,0.8724653516652284,31.452324866857847,230.22623924621058,158.4387034002458,3
313,935.0394982569723,0.6696201441888249,0.6559149224819782,0.8569591904819439,31.648808870348006,168.49752991546822,151.8406521023164,3
314,432.99259213147405,0.8482092269599237,0.8351501625723983,0.7915492885165368,39.38125288594736,161.03894104971525,189.28643989533631,3
315,460.7829307768924,0.8681881124180553,0.8602972012586043,0.7879866764314056,32.5492432550998,186.39109453827595,172.70651458653214,3
316,473.8112549800797,0.8218669552702219,0.809249052498354,0.8405234890113455,32.655953474135295,187.04530149984694,172.83976124885217,3
317,557.503672808765,0.7857887986544876,0.7709346455562754,0.826962367593879,36.05206559727574,183.95913612330855,188.3097051707142,3
318,425.38184760956176,0.8376673765949678,0.8252477622666895,0.8297259576151116,32.66884906960717,184.7606822880772,174.776188835286,3
319,460.7829307768924,0.8681881124180553,0.8602972012586043,0.7879866764314056,32.5492432550998,186.39109453827595,172.70651458653214,3
320,471.2378921812749,0.8631909879446068,0.8526716963011776,0.7698059898264237,36.01244813278009,182.98125096050407,188.8816658982634,3
321,49.176683889442224,0.8516401665114502,0.8193639095228323,0.9838245785903834,32.67480875050329,185.7749295396591,175.21446785666353,3
322,51.650927539840644,0.8615779852038126,0.8329523457403742,0.9823052966799455,32.64673497476679,187.08151093439363,172.89998470714175,3
323,471.94248007968133,0.8644787776545155,0.8527467209899768,0.769492992062075,36.03222821896685,183.15127216653818,188.8508866615266,3
324,471.94248007968133,0.8644787776545155,0.8527467209899768,0.769492992062075,36.03222821896685,183.15127216653818,188.8508866615266,3
325,557.503672808765,0.7857887986544876,0.7709346455562754,0.826962367593879,36.05206559727574,183.95913612330855,188.3097051707142,3
326,473.8112549800797,0.8218669552702219,0.809249052498354,0.8405234890113455,32.655953474135295,187.04530149984694,172.83976124885217,3
327,437.4497323207171,0.8108804855340894,0.7996114763304677,0.8585102667932759,32.67749731471536,185.75402792696025,175.1690386680988,3
328,101.96766060756971,0.8206100513036099,0.7934832811407792,0.9679004989930866,36.042450295540036,183.9442951818019,188.29222640157622,3
329,439.19668202191235,0.8367477628177423,0.8301112627087293,0.8254994829950484,39.35431119920714,161.1860753221011,189.20056987115956,3
330,471.94248007968133,0.8644787776545155,0.8527467209899768,0.769492992062075,36.03222821896685,183.15127216653818,188.8508866615266,3
331,426.5883652888447,0.8422139588414642,0.8338047628900711,0.8293547257464369,32.66425495262705,184.86391042204997,174.77174849267874,3
332,440.20253361553785,0.8380822097722784,0.8317903774230069,0.8252915802855382,39.33159980188212,161.4917038137692,189.12122337790984,3
333,474.3983441235058,0.8212043971741739,0.8069947109193504,0.840387442800829,32.63343511450382,187.02458015267175,172.8795419847328,3
334,60.69153075199203,0.8941387874299315,0.8721091529201461,0.9698303373882405,36.023977866584694,182.95911466338765,188.91346449431293,3
335,558.5787786354583,0.7886943673238407,0.7741534674058779,0.8266669979001231,36.055142114229355,184.1067874114588,188.30072626199228,3
336,473.8112549800797,0.8218669552702219,0.809249052498354,0.8405234890113455,32.655953474135295,187.04530149984694,172.83976124885217,3
337,239.43563247011957,0.7683968850824441,0.7349114814250767,0.9286967508179945,38.066249050873196,207.3065046823589,202.9891799544419,3
338,1137.7006660856575,0.7031108546785567,0.6916893707833784,0.7103753944548443,32.24404943545926,153.65593530668295,193.05561489166922,3
339,1011.722609561753,0.7119014791050996,0.6962767642234171,0.7470643233823551,34.11286384976526,120.72507042253521,184.78807511737088,3
340,101.87786354581674,0.8205621330000629,0.7926582937359864,0.9679265553946901,36.0391261527442,183.94941355537648,188.28946190348285,3
341,713.4037599601594,0.724601364856088,0.7114573848962177,0.7909339870685004,38.066059225512525,207.3215008858517,202.97228549734245,3
342,727.1652141434263,0.7948877161762535,0.7839158558522612,0.7063219006387814,38.345079846551876,201.48309394236773,209.29842091176732,3
343,837.4207544820716,0.6721351473028575,0.6534095465757239,0.8726264027030949,31.4501177916624,230.2238041585578,158.44591826282905,3
344,438.18858939243023,0.709042345277444,0.6779669094181277,0.8903517386272587,30.86073336571151,215.1628824672171,180.84003156872268,3
345,933.7177851095619,0.6692602015932375,0.6558666586650194,0.8571415296737249,31.643362783295835,168.4302255391538,151.85671953026394,3
346,191.32899651394425,0.7573687541475848,0.7305462947072042,0.9675181050242083,34.95144849785408,143.21593347639484,163.25903075822603,3
347,1286.5813309262949,0.7178829808183743,0.7072030354603455,0.7838102068681034,34.952419282711745,143.1923799302388,163.29380198551112,3
348,1036.041770418327,0.788498210741276,0.7784693348822748,0.8391302944421599,32.660738714090286,199.1700515626644,141.17310323055878,3
349,461.59412350597614,0.868479233141855,0.8597916103635883,0.7875716174359829,32.57271134472186,186.59329829172142,172.7634691195795,3
350,558.5787786354583,0.7886943673238407,0.7741534674058779,0.8266669979001231,36.055142114229355,184.1067874114588,188.30072626199228,3
351,292.37498443725104,0.6750377956907385,0.6462736877314355,0.9387869682684964,39.20296570898981,162.28127896200186,188.7622798887859,3
352,943.7532370517929,0.8399882186213752,0.834092822240143,0.7689283211357064,36.836408745541945,214.04636377732982,162.74166537447667,3
353,821.9077751494024,0.8325148407525559,0.8258771272594289,0.8043728292018422,32.38643356643357,232.6027972027972,162.8979020979021,3
354,850.863078934263,0.7709607269345881,0.7593197129724121,0.8442795873989861,32.45348615090735,234.43791786055397,164.77010506208214,3
355,1131.0900149402391,0.7246502358422074,0.715373447851289,0.646133222043623,37.28533794972151,166.13006171910283,208.99653770886647,3
356,1057.0130727091632,0.7425588006446524,0.7341552936952689,0.6460345869610603,37.458008518845936,166.3446917945833,208.65080768303463,3
357,860.2295505478088,0.7792164081605071,0.7684867322878931,0.8446440789711114,32.39158110882957,234.63819301848048,162.33901437371662,3
358,801.0850348605579,0.8176294626013273,0.8096962814602621,0.8142463804295716,32.47119443754656,232.67283337472062,166.17556493667743,3
359,962.2396663346614,0.7810427091426376,0.7720967229161628,0.7244438604507122,43.256651618480454,151.37767745653636,188.90337143406012,3
360,219.79282868525894,0.20362492726785658,0.03418127806097228,0.8948575399831703,35.4604462474645,215.78498985801218,100.99222447599729,4
361,137.8778791085657,0.17163812980855467,0.05235982421159847,0.9540129459984458,35.01568,164.63056,106.6904,4
362,212.25840388446213,0.2001703040487054,0.04069589084504943,0.9368778328299485,32.65211747525556,144.3457731624209,113.00957325977609,4
363,650.2467318227092,0.14114282178201973,0.039339129554713956,0.8485352958008283,37.035388544326885,158.0242004134744,93.89334792654749,4
364,195.72189367529876,0.3846949775557063,0.22741934285922097,0.9481629211256364,33.173951828724356,159.77163247100802,119.22911091287541,4
365,249.9941484063745,0.17507252075053376,0.05270986836721836,0.9267809225804525,34.86725860155383,169.3718091009989,93.92475027746949,4
366,233.21174676294822,0.16808152511150742,0.04332395680244633,0.931435567212342,37.04403948367502,177.4362186788155,102.56947608200456,4
367,261.74167392928285,0.3019249925392142,0.08708269532597608,0.8885683886022058,34.12465960665658,176.6995461422088,105.13888048411498,4
368,314.4367529880478,0.17376365630904053,0.053278591056596804,0.9073020572408917,34.912273721901734,205.246469067038,107.2631788342948,4
369,891.4112456424303,0.189028148746386,0.04870615726571547,0.7186315821657214,34.92993777368057,201.24821387416455,99.72989168011063,4
370,275.77609873007964,0.16219008004695276,0.04820411840519219,0.9307117110454716,33.93676975945017,172.4950171821306,97.3352233676976,4
371,427.3580366035856,0.17037293653320829,0.033212964692117077,0.8871104809015019,35.07578916021441,221.07176891006552,112.20637284097677,4
372,568.0578156125499,0.1605653798640773,0.04142004523768002,0.8747128773979185,35.8364312267658,182.58593920839712,116.62333260441723,4
373,445.0213365288845,0.18924337746412753,0.033715412565071046,0.8868677449444111,34.058238466147394,163.9634511683643,108.18106650689036,4
374,357.30730204183266,0.23075815918320847,0.04965378663003048,0.8996247405659322,35.68267633288023,211.93686754266727,93.34556713487389,4
375,434.0031281125498,0.2248249625378273,0.058371647719845696,0.8712606727415602,35.06866829478523,204.0140784370062,89.81281425082604,4
376,62.96590201693227,0.18961718458778082,0.03519134167612466,0.9884667021396493,34.49021059559065,201.24119776242185,107.1786771964462,4
377,840.0737518675298,0.204103436132639,0.03895529699381147,0.7803349207125284,34.31507397041184,219.25989604158337,86.14234306277488,4
378,377.2441017181275,0.2326745891797163,0.04878280893172883,0.8744792400969292,35.10031974420463,213.33153477218227,86.25879296562749,4
379,580.8305994770916,0.201821893528169,0.04979098037083878,0.8455715324206602,35.34554737948641,214.62712118936778,87.24087700855985,4
380,434.7194503237052,0.23431486963954015,0.055595724672353346,0.9097056334806477,36.13500439753738,218.01055408970976,85.64050131926122,4
381,580.237907744024,0.2025725414199201,0.04073526883924382,0.8337233418214098,34.391143911439116,215.65129151291512,104.52029520295203,4
382,317.00712773904394,0.17115238826086593,0.037500684093351236,0.9100887744985842,34.140672268907565,209.57647058823528,91.33025210084034,4
383,352.4353834661355,0.17705336778720127,0.03135849707247604,0.9096760811917861,34.45569815988866,213.51569506726457,93.0296891912788,4
384,382.4656530129482,0.20274012543385053,0.03338676511180143,0.9521406288493938,37.64015444015444,189.9081081081081,81.34062634062634,4
385,503.3379762201196,0.1842681399664226,0.04006096152281985,0.9064965637058822,38.841552037373475,191.72514923436285,69.94355048014535,4
386,298.4169260458168,0.2069282199738681,0.04004433977817162,0.9629529488696844,35.542196045435425,167.0596550273454,89.11316785864535,4
387,350.00522908366537,0.24555039753199726,0.044489754041965646,0.9108088897014166,36.13803831668577,180.38447682986737,80.84100212870476,4
388,331.5538315488048,0.21890880406350977,0.03634027192060763,0.9229461829086792,36.802852217520766,186.03369377840463,101.97226140103432,4
389,644.6117872260957,0.15396403224902114,0.03617175096837521,0.9217002609329311,35.90637803878722,182.1373258672494,87.75505326413548,4
390,665.4982258466135,0.23913570264822698,0.060244270787392695,0.8529424578742205,38.11748445058742,208.9488597097443,82.90048375950242,4
391,435.53714828187253,0.169761038021142,0.040525924333035715,0.9244894877505085,36.945845845845845,216.16286286286285,94.37757757757758,4
392,313.6934449701196,0.19035028772274465,0.034378485941026646,0.9328809455296387,36.042488012786364,206.76784762919553,111.4266116142781,4
393,624.9336560009959,0.19463369003763809,0.04251760686900791,0.8901759904780486,38.124739668968544,207.00504220103036,84.86484708977311,4
394,410.48541770418325,0.1370882161202193,0.02707127328360686,0.9376239914152592,37.61338321571295,210.50267834367827,91.85018280758439,4
395,279.2627925796814,0.31526449267924755,0.0973438150553404,0.9339494260979258,35.88537189006122,213.47935391428945,83.33658981372932,4
396,429.5570219123506,0.19010340541634252,0.04519687845040784,0.9002119391678273,34.55460600728918,212.37036571572202,99.64006535126303,4
397,223.4516776643426,0.15921582690775277,0.04475873399142848,0.9495298573102707,33.71563688701552,209.53366916829444,84.98817723861417,4
398,196.53202813745025,0.20393476845955177,0.05559232546008761,0.9552819432231465,32.75248597026681,208.8315447474648,99.67815299793246,4
399,457.80719310258974,0.20448502108998398,0.04029340431868404,0.9363657082580287,36.12992688461215,184.5904697873771,98.52004370115135,4
400,555.2149215637451,0.18752872621995473,0.05599614745440931,0.90507657318445,36.84557795967259,194.73457776003195,71.63605510081852,4
401,442.2781530129483,0.15908228366185645,0.034554402367398325,0.9524380870144803,37.58458813108946,201.48045837023915,97.50553587245349,4
402,772.8499595368528,0.21108748044067915,0.04097283168892399,0.8541072543291777,39.047914512237156,211.0999655291279,85.88814201999311,4
403,727.7777172559762,0.24449895105335032,0.06139356446787292,0.8651241610267998,39.60179104477612,205.2368656716418,74.84223880597015,4
404,270.823860806773,0.2174559941732118,0.05203105537357234,0.9577076349970697,40.357718378309244,187.69075329326,89.7538048343778,4
405,56.42361802788844,0.259685954087481,0.05282880882885122,0.9897123235798856,35.141645958193244,208.97310334746382,86.25975734541734,4
406,309.19355390936255,0.18166613329927642,0.04258200055051758,0.9631654411650316,38.34956245962295,215.62148352616433,86.37352440241969,4
407,298.27402888446215,0.18238103466543962,0.03955327081152921,0.9616642148205373,38.06721423682409,214.46659822039697,83.53039014373716,4
408,161.02340637450197,0.20982101340738457,0.04636734786937017,0.9531878516643407,33.77833692786964,177.7064462017733,79.75557153127247,4
409,699.3630011205179,0.1859698841155978,0.03567741455746939,0.8750584094325282,37.795724847315974,208.49871423979428,86.41594342655095,4
410,428.6063091384462,0.22806212534443204,0.04751549269833364,0.9158407921245958,38.797614093494246,195.79414620613122,76.78374254404217,4
411,419.4938994023904,0.2911260860931719,0.06392656269835591,0.9090473149489222,32.234359233097884,188.1919778002018,91.86188193743693,4
412,282.769515687251,0.2357211225796896,0.041930197699442784,0.9576664311850341,32.754850922858495,183.55134879318504,100.66215942126969,4
413,41.4245984810757,0.29721192868261537,0.048228094139933834,0.9916400747329179,30.775879624391898,181.7369611947053,122.42991288607308,4
414,47.11843251992032,0.28190339822548827,0.054558840828937125,0.9902895953233315,29.857670979667283,178.96081330868762,118.80382008626002,4
415,43.29911603585658,0.3356720166095477,0.055345167139915566,0.9846650183138888,29.013692010309278,182.58392396907217,141.60728092783506,4
416,302.03573207171314,0.39878032910349465,0.12118786845535447,0.9338719668595483,32.6119381413499,184.76658476658477,123.34094522329816,4
417,337.75983565737056,0.38571236839393974,0.12666265856855582,0.9181753670732177,32.916736518580606,167.86309024867282,128.4316848281643,4
418,767.5807551045817,0.17053658812960595,0.03604947802354924,0.8469258346386289,35.79151570048309,202.6231884057971,92.86503623188406,4
419,774.4202409113547,0.18400904803442134,0.03776655945118882,0.8296606571602962,35.54238643634037,204.47152911068457,93.83717210492642,4
420,75.3011080677291,0.3034146838905421,0.09166968175291296,0.8968044930493629,35.25691699604743,230.15089514066497,116.95745175540571,4
421,202.58792953187248,0.3676685537336837,0.09291952608606628,0.7329367784091737,34.57217210270645,216.05031228313672,115.95523941707148,4
422,117.5570063496016,0.3863766860569014,0.11355011368546132,0.8733570718071213,36.130423553719005,159.92561983471074,131.94679752066116,4
423,688.7377676792828,0.2222309985843436,0.053621183505581496,0.7005356206255698,35.668043742405835,177.2483596597813,114.29234507897934,4
424,451.9746482818724,0.16723202897112482,0.038008376853917086,0.8829531351484267,36.99674424213192,172.0493187025202,98.54612323646448,4
425,241.9894640189243,0.17715025616399274,0.04871169525087222,0.927963331188251,34.77115308933491,163.25462416371508,107.58972845336481,4
426,306.496218251992,0.24557587039435408,0.03814047518764351,0.8410998571972594,32.52771198484131,185.6364282330649,122.65206063477025,4
427,385.64655440737056,0.2067801361212041,0.03631789810169176,0.8093227469106112,34.516390977443606,172.70736842105262,98.13473684210527,4
428,191.48148032868525,0.23142569643921784,0.04224066379936619,0.9099359559332735,33.88787804278338,178.2645684779936,122.20014752889108,4
429,408.56470991035854,0.16947505178463593,0.04968679442247904,0.9226096857472124,37.60548051695656,185.6331746185988,100.83432125157906,4
430,60.79117903386454,0.28347444222817597,0.06930565935105835,0.9804145708525004,36.337932238910234,230.3918966119455,138.55536150890674,4
431,54.905394048804794,0.2611302454280245,0.08211175901198538,0.9838878430073655,33.2660389403128,187.42898180657517,118.60501117140122,4
432,486.5702969372511,0.19279295530850213,0.04016989564085193,0.8768865955707756,35.1224937801844,222.09117517927703,110.9151178106249,4
433,202.9237580926295,0.19266103490384381,0.0387953471924678,0.8870351243979493,35.23221649484536,236.57886597938145,130.90025773195876,4
434,648.6491378237052,0.15919012737033147,0.03477024980150006,0.795051727615485,34.67611280066353,159.74274260436826,128.316007741222,4
435,509.83145542828686,0.16389525083474138,0.029854431553200743,0.8318069998175661,34.46825063078217,192.99831791421363,117.3103448275862,4
436,212.88973792330677,0.2098546150185314,0.040327462645533226,0.9364294713006112,34.30720879984286,160.28560204282067,92.47142015321155,4
437,525.745657993028,0.1524799179643347,0.0409014670037205,0.8867330486845066,32.70945378151261,153.59894957983192,104.4952731092437,4
438,435.8170754482072,0.19192056631678,0.038310217400168996,0.8286696243676261,33.92561713258133,205.53588360307342,109.31142717018146,4
439,909.9632563496018,0.24511354793607848,0.06175180945640152,0.7339466637570262,35.26591052299937,170.48755513547573,107.65705734089477,4
440,568.8201879980081,0.18573346197018367,0.04501930610026046,0.8477355364560387,36.88851623289509,182.864904749128,112.95505768714784,4
441,356.3017305776892,0.17874944173403085,0.033457445562649235,0.9190657414749718,33.54495912806539,197.3013169845595,103.79881925522253,4
442,365.4155253984065,0.16289842548901012,0.03528886366589031,0.8918754738649528,35.46000302434599,204.8401633146832,93.20943595947377,4
443,619.0002645667332,0.17709385519374982,0.04975108427681874,0.8550894019621605,33.69481641468683,195.88077753779697,95.83909287257019,4
444,183.9003361553785,0.19180132135589428,0.048322731616189905,0.9286463507188691,33.463554620241055,204.34015687775013,98.2860149225177,4
445,291.08157993027885,0.20738785430585005,0.042422660764647235,0.9206196330464476,36.61264482906594,212.88714060935487,97.5721642111286,4
446,543.409876120518,0.17935673636354818,0.039949563052326734,0.8695755582603703,36.6476032601188,199.92595662384306,86.47023069484736,4
447,642.980188620518,0.15707127666755638,0.02717574387684903,0.8277039685195013,34.83790898834148,208.76476118841668,103.95355396765702,4
448,622.0561503984063,0.1540764701834641,0.031544097143335684,0.836566172482406,35.747028561291465,219.15540180947312,98.35142806457335,4
449,865.0412101593627,0.19923455361075462,0.04168269732851169,0.7548366552484356,34.508912879738894,191.21190057745417,97.56891790107959,4
450,275.0166521414342,0.17059573060133965,0.03115072861543077,0.9272712976675491,35.652890173410405,202.9671965317919,96.57687861271677,4
451,576.1347578436255,0.15928559455579466,0.03238986644433732,0.8759803861749299,32.61065943992773,208.42818428184282,116.95302619692863,4
452,585.3423182270916,0.21036120708722467,0.034924897952956356,0.8409595446838086,36.1370232172471,227.3322968490879,96.51865671641791,4
453,713.4086933515937,0.18790120136672428,0.0336835398824683,0.7593718199493006,33.77215189873418,216.25962283647635,100.3683802634978,4
454,345.6754388695219,0.23265888215774702,0.06086504984627059,0.8968420617752407,34.16469194312796,199.68972156398104,97.88788507109005,4
455,626.7161198954184,0.17338006129210826,0.030412546352294657,0.8789733786028867,37.08473012455789,202.6990619713978,98.16115638935875,4
456,415.63111616035854,0.15665849991250566,0.031945435809413454,0.9286804334640234,38.689846085704794,219.30705348244933,97.88384453548888,4
457,670.9797995517928,0.16718690325975843,0.03059920227672561,0.7854776853624978,32.75862817451704,206.11352289993488,108.221185153028,4
458,358.4916894920318,0.19452320103337456,0.046277584187158126,0.9002136703621121,33.801213252449834,187.70866386685333,80.5538964069062,4
459,565.5678847111553,0.3129422604047489,0.058191309922811324,0.8481748017161511,34.71096847272041,201.5223711534831,93.62997923352842,4
460,352.9838147410359,0.2368190095892089,0.04306204775217886,0.9659614750750064,33.75809230769231,202.69723076923077,88.21796923076923,4
461,446.0602434013944,0.227658822866741,0.0448868384119819,0.9153392341781403,36.285756720629735,199.44571513441258,95.33759096985,4
462,25.2269515687251,0.273408376044597,0.04737238294887108,0.9933045634858617,38.45417063114494,196.50015857913098,86.60830954646369,4
463,366.0806617280877,0.2650602777995904,0.0697932096948928,0.9586552398931759,36.22836869661064,184.5400936897217,98.99627996693305,4
464,484.57972796314743,0.23035477882706973,0.040402023438997584,0.8783667631877693,35.78515099057511,192.88093864204654,78.06058857472591,4
465,863.8953405129482,0.2837433112151096,0.05768841839546677,0.7930772861890937,35.53175745118191,213.68941418293937,83.992394655704,4
466,633.9326132968129,0.17127658929187847,0.03469672571648738,0.9015555777651219,28.690164151442943,225.16070955785014,119.97425205189303,4
467,53.263103834661365,0.29634494384150856,0.046452567763180665,0.9864248044059899,29.949422759758107,203.27993402968664,141.16294667399671,4
468,692.7119957669322,0.18513615987757512,0.03546591213553433,0.8513003762680708,32.11319574734209,211.45325203252034,107.98577235772358,4
469,612.0397628237054,0.18285765063775897,0.03200344910527581,0.901039503576178,33.81997804610318,176.63312599097452,101.9297475301866,4
470,621.9426512699204,0.16111428998547983,0.029731451810892394,0.9001610241544633,35.146377718666876,221.15545298075418,99.78070724456266,4
471,747.6297777639443,0.22686851683655024,0.07349439630318347,0.8476850017429362,35.37507817385866,201.84552845528455,102.19668542839274,4
472,463.1974912848606,0.15304785888756156,0.02976127241240243,0.9335254704190754,32.083991646236264,219.53128121311178,96.24607282302733,4
473,72.71182457669323,0.3043370411079211,0.05339467258214057,0.9873823804963605,30.17540946486527,213.31051400105667,127.31723148916899,4
474,209.0906841384462,0.3455685908105983,0.10534244835575401,0.966325976318874,36.74858450789061,189.20587880978195,95.2104565714974,4
475,961.2375498007971,0.17429137067565728,0.036380038773935384,0.8035353135663983,35.5297171500179,199.45828857858933,83.63408521303258,4
476,514.910218500996,0.2268085054387999,0.039382396586054615,0.9535070634981196,37.262536008983936,201.42395390850055,90.37830184073043,4
477,553.7303598107569,0.24699669589827022,0.040556822497853584,0.8332037943505074,32.242812742812745,208.40637140637142,103.68881118881119,4
478,325.8256038346614,0.23484703588169473,0.04902010502894408,0.8991328650618462,27.754738267148014,195.05212093862815,153.45848375451263,4
479,734.5761952191237,0.17814443193696128,0.04202704160299281,0.848161053526113,34.676563202878995,212.07452391662918,80.40350877192982,4
480,511.9388695219124,0.709708432425193,0.3694708304409175,0.8297215709846844,39.48170289855072,161.9713768115942,140.31322463768117,5
481,399.54997198705183,0.26266674362017006,0.04473542722920115,0.8807702930026167,38.124355005159956,202.2512899896801,88.2640608875129,5
482,573.6390842878487,0.3272003752656257,0.05558282921853525,0.7412930208570049,41.82383554514702,206.28285193858963,93.76919073640386,5
483,527.6493868276892,0.6927491983511344,0.22125741287246325,0.8190517951944525,44.42445537596627,143.468259545561,107.54673225579761,5
484,481.70239355079684,0.5799452928392812,0.15430066047119664,0.8377141352198336,37.476834324860285,156.31891112312962,115.7029024698035,5
485,423.9504326444223,0.2777501863655301,0.03884822210330102,0.7794831833610665,38.327278421547135,184.76291888506108,101.43156905731287,5
486,457.95419882968133,0.31801369520087513,0.05131264088833391,0.7752907568560543,36.50541746335245,175.02262587635437,106.53728489483747,5
487,416.80003423804783,0.36381743557877244,0.05680881121440466,0.7470249153970093,42.13771712158809,162.9308312655087,86.86848635235732,5
488,511.0768488545818,0.35238650716763475,0.07404229512560646,0.8064499374531005,40.97884695147242,202.0593114890087,97.02488593944422,5
489,497.53886018426294,0.36670868042470595,0.043784181182391954,0.8437227534144807,38.074988568815726,200.36092059137326,77.29736320682822,5
490,552.7124937749004,0.37322246072350124,0.041294302138567,0.839332801729855,44.22424878624852,212.1806849494817,88.17556751082535,5
491,309.8717473854582,0.6733666328516594,0.2015151297052184,0.734419471362691,40.38750783371631,160.58324629204094,179.2295801128055,5
492,443.0229083665339,0.3403468385498,0.04587020278162142,0.8452176537105967,43.28597899938234,189.5080296479308,80.41491661519457,5
493,518.035218500996,0.40685251793692556,0.04645001288072438,0.9073402974401549,40.36867088607595,193.75474683544303,79.19145569620254,5
494,405.6773842131475,0.38133650151465426,0.054342326221907274,0.8187820793235993,36.763701459652985,196.87551638667034,94.26714403745525,5
495,629.2740133217134,0.7847736946546454,0.6577196008824054,0.7975760821786428,41.593113583875706,168.19063615368466,113.17866890615159,5
496,359.621078187251,0.3397956529891908,0.048363568122095545,0.7971572176585245,37.177704454395474,189.13598868724958,86.51873674287062,5
497,448.5241222609561,0.40725417828708527,0.07129474266010782,0.8168100452285222,40.465055519268454,214.92183757892445,72.08077509253211,5
498,476.27102527390446,0.3483493643437845,0.05311390450148609,0.7454638310217597,36.132875857766685,192.09731752963194,88.30255770430443,5
499,422.5132905876494,0.4610674077959531,0.07040375395625259,0.7504512037286917,42.880728185812934,200.36032642812305,88.3264281230383,5
500,628.2948985308765,0.6792656790063812,0.21544905763041355,0.7953435296265678,41.031001256807706,145.43422706325933,118.11960620025137,5
501,541.281203311753,0.34916123254411036,0.052871761712322614,0.7926482804094642,45.9421265141319,216.44549125168237,90.65621995770044,5
502,749.4999533117527,0.6784795883853673,0.3418153279185796,0.7887013078330274,41.07370095440085,135.13361611876988,95.82502651113468,5
503,594.9426823954184,0.36488511725774386,0.06166717740592876,0.7615377015183382,42.483879288109364,193.7281403146763,80.54681454733041,5
504,408.2077938247013,0.3664227950283017,0.04634778440179964,0.8579515766440012,43.930957683741646,206.02004454342983,77.01541887956142,5
505,272.5225348605578,0.3602143999076068,0.04989650572290354,0.8358880593262205,44.80424746075715,146.01200369344414,127.85618651892891,5
506,434.61818351593627,0.3729290418163517,0.052479751859021456,0.8143851135019702,48.715367749651186,180.16085309946183,76.86545744468806,5
507,399.8949825697211,0.34258298838852774,0.04807246636861356,0.7351743247650878,41.47929479294793,168.7539975399754,83.69741697416974,5
508,430.6590668575697,0.4422824034360923,0.09127242888059156,0.7656933470444206,38.49453106818711,186.0754014428671,106.97626250872702,5
509,739.1507407868526,0.7318844818624677,0.2491821364240272,0.7188149561715431,39.687909686817186,165.03641660597233,107.24326292789512,5
510,489.37702315737056,0.6466965259686194,0.15849648402401736,0.7616034596810829,44.63447350771295,139.23764811088753,140.3420523138833,5
511,468.37440861553785,0.32396798559211754,0.0408693167585604,0.8186859554006091,43.9742951907131,188.18760364842456,81.90733830845771,5
512,395.0041085657371,0.43636163472091294,0.07974747874883967,0.7857236746925231,41.529626032054395,185.85356969402622,105.46745993200582,5
513,594.3875747011953,0.5045282238707619,0.113238523489874,0.8210837819462166,43.20920421860019,145.99635666347075,98.61361457334611,5
514,714.4036977091633,0.4763684052098511,0.09102388074867492,0.7108579992659467,37.08147773279352,199.83451417004048,96.93168016194332,5
515,387.73863919322713,0.38988117232580555,0.06645910110141931,0.707428392199423,41.066994700984104,183.46139288417865,89.57153671461015,5
516,652.8531810258964,0.3723391323156527,0.058455349861037856,0.8003593559422498,45.5858378870674,229.6837431693989,74.93806921675774,5
517,489.95079058764946,0.3251260267646552,0.04778676964530398,0.7111722506372958,41.716422561545656,192.1526955437831,89.14583982549081,5
518,651.9594434760957,0.6911845182462006,0.22500222081536833,0.7497934524749608,43.44926220204313,154.7173666288309,129.69965947786605,5
519,361.7006972111555,0.42106241831883956,0.07266515744937671,0.7739096541752283,40.353483606557376,187.11219262295083,90.70107581967213,5
520,460.6419011454183,0.39091942254402495,0.04995281468121844,0.838391013890698,38.28201571890892,213.70342117429496,78.23462783171522,5
521,748.0825448207172,0.7265079911143006,0.4371687405962416,0.8172949555919646,46.281565859136855,156.61270656184823,103.26279480186106,5
522,645.7415494272908,0.263473502725036,0.033555558749352093,0.8348149869984627,45.25301204819277,230.47839634399668,99.37681761528874,5
523,750.1437686752988,0.6723861419755968,0.20387912970661679,0.7798627024026551,43.36712962962963,162.77569444444444,100.67777777777778,5
524,455.3716384462151,0.6087375326660702,0.2245674005840962,0.7572468837444727,40.5203099319089,156.1465132660249,138.52054472880957,5
525,827.9903355328685,0.7658605217745149,0.3520049224072917,0.7501538903748468,41.43209229155742,152.66151022548505,115.53198741478762,5
526,322.54872696713136,0.6950208300778975,0.22186462886340932,0.8364677423303913,41.999343688470795,155.84861080726319,133.6998468606432,5
527,422.17070779382465,0.4300859728295078,0.08164062454016925,0.7818557364176679,40.4159793814433,201.19922680412373,87.83170103092783,5
528,776.7353087649403,0.4172072651268722,0.10101338732971893,0.7805682721780447,38.396497202627096,211.904889321333,82.81561663828752,5
529,401.10861242529893,0.4174399050283969,0.06796406619021333,0.8404628342014234,41.81360153256705,180.977969348659,74.60268199233717,5
530,722.769577938247,0.6755827350371894,0.21460728393883616,0.7590850318311338,39.6821253786996,182.72034490794687,112.27546026567234,5
531,501.6172653137452,0.47566997267187483,0.08273564360353,0.7853585605454368,44.69141840818141,185.30947087594487,113.89261894175189,5
532,744.6835470617532,0.6470202393794726,0.18944023353375988,0.7990405162526764,46.552999631947,142.23757821126242,108.31026867868974,5
533,377.484499501992,0.47278090944601026,0.06414485439978086,0.8183935207686145,39.679496402877696,214.98345323741006,82.08741007194244,5
534,479.5923960408367,0.34717792864725455,0.055063636360949554,0.7694072922781812,41.18111214662939,197.26964895930413,86.12892202547376,5
535,505.7674925298804,0.46289233692144377,0.09510255020332928,0.7686777387620409,39.93008314436886,204.27739984882842,85.26228269085412,5
536,629.8834816982071,0.6999315958199546,0.16482114392506497,0.7794341700334343,37.388970588235296,178.3919117647059,98.86507352941176,5
537,412.43508777390446,0.4539882929157384,0.0646936578208221,0.7352885607529372,37.08092485549133,215.93185275327045,92.33526011560694,5
538,673.5300516683267,0.29640371211321703,0.052029896291534,0.6704839524495259,43.715867158671585,170.4089231801409,98.18819188191883,5
539,698.6469590388447,0.6713627932316185,0.2138095783671134,0.8163709203077061,43.78159868300713,158.317907444668,112.44064386317908,5
540,493.7014909113546,0.5845480485988584,0.11375662842581437,0.8445429062723512,46.044721788871556,122.25567689374242,114.13555208875022,5
541,486.2314803286854,0.4111071782121771,0.07033903829703206,0.7628951260988684,40.22698612862547,182.70523329129887,93.55485498108449,5
542,582.2123848356574,0.5503357717044619,0.111451824838796,0.8282580887420873,42.2622987984584,136.7043754250737,98.5765132622988,5
543,432.96613545816734,0.520827695395237,0.08356796993560257,0.8594173797183718,43.177444386963266,156.40938092774616,124.69977582341784,5
544,399.8312375498008,0.42845403474118526,0.08367272888788754,0.7929961103431906,35.667845415508964,191.1884314220763,104.36094973478151,5
545,630.0420038595619,0.7263492419064308,0.3566893046517471,0.765230911621316,50.37728937728938,125.42524142524142,101.39460539460539,5
546,493.4234157121514,0.44172533172582906,0.05797653844373118,0.7783846585483121,42.61314553990611,213.11737089201878,87.6225352112676,5
547,498.1922310756971,0.4060713652456273,0.06502186841499609,0.7717735264966966,44.73343511450382,176.01984732824428,70.10320610687023,5
548,426.40612549800795,0.3400983253677361,0.0560519363525223,0.8171454076802818,40.549326859412936,189.71419112778636,89.37099977929817,5
549,475.5142866035857,0.7426840213638083,0.36375349379863947,0.8213987553800935,39.978254393803994,164.11170688114387,118.78403336312184,5
550,551.7975286354581,0.3972245086567037,0.06524203045280082,0.7723734621249749,46.26374885426215,201.09120073327222,79.97043996333639,5
551,690.472080428287,0.7814412716471915,0.4710601617038665,0.7113854567012907,45.10278858625162,142.465953307393,109.51491569390402,5
552,731.4326911105577,0.7579414081023378,0.38775989265850974,0.7299764764303885,42.7263025737602,145.3954802259887,103.21563088512241,5
553,318.91599228087654,0.47668985200261293,0.08508149258301495,0.7371904223287038,39.956224774914624,197.17944737659113,103.05184725240609,5
554,489.63072709163345,0.6145199068744817,0.14498354656598703,0.8690304314812962,42.42117930204573,172.483553951063,100.87866024869635,5
555,447.80241533864546,0.417129345150415,0.06853129195036364,0.7985757317706106,43.59057873485868,201.61372812920592,75.24010767160162,5
556,621.7078872011953,0.7477939420905579,0.2878186291491819,0.7467075873192095,42.11278409090909,153.70056818181817,124.48778409090909,5
557,380.6907526145418,0.4496816001599532,0.06370942672273755,0.8225348153528196,38.99540652273771,195.5385852090032,95.59669269637115,5
558,381.5051357071714,0.4141905277324555,0.05908051110046468,0.8164262561088402,45.46199524940618,186.146377672209,73.98366983372921,5
559,466.6107133964143,0.5191592005633406,0.08057365498869952,0.7176394109095257,43.614311431143115,165.53060306030602,124.43024302430243,5
560,375.20426108067727,0.15906665097544365,0.034528463801742564,0.8951772443809142,31.673088036987092,194.34916201117318,135.43787324214986,5
561,834.4898063994024,0.11536027419320984,0.030023309949942675,0.8910899014894182,34.391586409844834,207.69736490101658,96.08654360620653,5
562,701.4112923306772,0.13822981643655385,0.03861264023912242,0.8959074002256787,34.57314403237577,212.7557884959862,88.85523784249983,5
563,711.2122292081674,0.17187321162600466,0.051839569493314905,0.8743762603820707,34.52401215805471,213.54059921841076,86.25505861919235,5
564,172.73921501494027,0.16534721611672692,0.03331571661744907,0.9611149985774593,33.38455270356789,208.6546184738956,132.01571503404924,5
565,338.05225971115544,0.1482337099119015,0.029754126333776044,0.9379957409989768,34.187923544743704,199.26185925282363,97.32728062554301,5
566,657.5756038346615,0.1943132150049976,0.04639355191375665,0.8098621741713699,34.1977469934541,201.8674075201705,97.15040340995586,5
567,496.7337836155378,0.15623546630618698,0.0313059831135247,0.9312850143164899,33.72339669568307,192.99940782850715,117.40297270089418,5
568,76.23205615039842,0.2245652824763003,0.046558188235606444,0.9749968611094585,28.87020109689214,193.50108027256107,123.57802891806548,5
569,838.811784113546,0.20345986511882758,0.0437051745103924,0.8682386214839456,33.537212323682255,178.93810319227913,91.26753897550111,5
570,473.8438589392431,0.218771084104072,0.055494777200174705,0.9132052525572741,37.23287989768632,212.45320311591675,99.16288803627485,5
571,653.3650242778886,0.1573957806880016,0.042660837672054426,0.8839052633505428,36.502967359050444,211.33496247163555,105.78792110315936,5
572,653.3650242778886,0.1573957806880016,0.042660837672054426,0.8839052633505428,36.502967359050444,211.33496247163555,105.78792110315936,5
573,503.70801170318737,0.156179169034135,0.03614003240321625,0.9049446585920579,34.51265713793697,213.43223695539865,120.48432925779233,5
574,758.3454152141436,0.16651414749331345,0.03753170125593458,0.8981612267489836,31.778756730298582,203.82190056639396,102.36822599818194,5
575,530.952798182271,0.1653322299235963,0.04004476164309133,0.9168370342505104,34.52746548610707,211.77503349449526,101.53870798625269,5
576,530.952798182271,0.1653322299235963,0.04004476164309133,0.9168370342505104,34.52746548610707,211.77503349449526,101.53870798625269,5
577,240.6359561752988,0.22671857690536013,0.05170425149777911,0.9206413276517645,32.63124335812965,200.85972369819342,92.9287991498406,5
578,428.74083354083666,0.2105636328819155,0.038865476919982676,0.8403988623789657,38.961807172799254,182.9310666045645,89.86772240335351,5
579,309.66605453187253,0.19733689555729966,0.05180597094717163,0.9638225757016806,37.73130473130473,213.43766143766143,85.53323253323254,5
580,392.27191235059763,0.8999297188815526,0.8953177425587805,0.6971466984988187,34.96970614965162,143.67979400181764,181.7458345955771,5
581,476.87440861553785,0.8415932096515738,0.8347329072395794,0.7772633348617859,34.99894957983193,144.2125350140056,181.99859943977592,5
582,207.77051170318725,0.8700703956583481,0.8599556807458245,0.8908810302766622,31.515520389531346,151.96104686548995,188.71434368025967,5
583,772.1108378984064,0.7501829176290444,0.7389776325343467,0.7848646188880126,34.414401328076366,121.05426437020128,187.63758041087362,5
584,418.972485059761,0.845382273687931,0.8381369933717158,0.8012116795261223,31.526458861906487,152.621964479884,188.55907937658571,5
585,516.2393862051795,0.8641518126654064,0.858077879980211,0.7056849726950004,31.541676181776662,152.75633706325644,188.3939255537794,5
586,476.87440861553785,0.8415932096515738,0.8347329072395794,0.7772633348617859,34.99894957983193,144.2125350140056,181.99859943977592,5
587,345.8384119770917,0.7345246011008006,0.7159774711947633,0.9128210034632742,34.37024438277683,121.39477217796079,187.23005997672544,5
588,209.4520356075697,0.35747195628514644,0.08571506389202999,0.9236686515801382,34.937668075297736,201.1360929696504,107.04168267383788,5
589,207.77051170318725,0.8700703956583481,0.8599556807458245,0.8908810302766622,31.515520389531346,151.96104686548995,188.71434368025967,5
590,309.67981200199205,0.2398245569755837,0.03491767802103191,0.9380023280198021,29.44835732337106,222.040984507197,131.426546533348,5
591,261.5606013446215,0.34675498665675974,0.08177606140328442,0.9256904169266376,35.21176376823145,191.0742807045509,122.12696262054675,5
592,434.4220928784862,0.1816740009435952,0.04515403228330831,0.8938221472118905,35.37337539432177,144.2417665615142,113.62662460567823,5
593,512.8403884462151,0.287684239698142,0.056442358586600586,0.9410757792164612,31.98116019793716,203.7436356048411,107.94163238538127,5
594,578.0640718376494,0.12836601362890046,0.033643643519511865,0.844879851700797,32.0354718026881,179.73451572675626,144.73222945822363,5
595,205.3873256972112,0.316362938638295,0.06192038526396422,0.9731594355308143,40.310587847851146,115.30650419891322,109.18112958998847,5
596,88.18283117529882,0.22896502614300546,0.03739715470958248,0.9647669016543965,33.82332244282483,193.54963558683087,119.69163106308118,5
597,513.2795225348607,0.25179502352528926,0.04542680595747623,0.9398205928065586,32.07312706316791,206.3240642309629,108.59620656856711,5
598,1036.447553535857,0.7047012580757875,0.6930429594287831,0.7422683785916362,34.37570495031779,121.38984871542387,187.2770566645779,5
599,323.5730048555776,0.12329040238026233,0.02485470412846509,0.9269959074495844,34.212107279693484,205.56873563218392,108.7744061302682,5
